rRNA_label	probe_ID	probe_sequence
dorei_16S	dorei_16S_0	AGGTGTTCCAGCCGCACCTTCCGGTACGGCTACCTTGTTACGACTTAGCCCCAGTCACCA
dorei_16S	dorei_16S_1	GTTTTACCCTAGGGCGATCCTCGCGGTTACGCACTTCAGGTACCCCCGGC
dorei_16S	dorei_16S_2	TCCCATGGCTTGACGGGCGGTGTGTACAAGGCCCGGGAACGTATTCACCG
dorei_16S	dorei_16S_3	CGCCGTGGCTGATGCGCGATTACTAGCGAATCCAGCTTCGTGGAGTCGGG
dorei_16S	dorei_16S_4	TTGCAGACTCCAGTCCGAACTGAGAGGGGTTTTAGGGATTGGCATCCACT
dorei_16S	dorei_16S_5	CGCGTGGTAGCGGCCCTCTGTACCCCCCATTGTAACACGTGTGTAGCCCC
dorei_16S	dorei_16S_6	GGACGTAAGGGCCGTGCTGATTTGACGTCATCCCCACCTTCCTCACATCT
dorei_16S	dorei_16S_7	TACGATGGCAGTCTTGTCAGAGTCCTCAGCATCACCTGTTAGTAACTGAC
dorei_16S	dorei_16S_8	AACAAGGGTTGCGCTCGTTATGGCACTTAAGCCGACACCTCACGGCACGA
dorei_16S	dorei_16S_9	GCTGACGACAACCATGCAGCACCTTCACACTCGCTATTGCTAGCTGAACC
dorei_16S	dorei_16S_10	GTTTCCGGATCATTCGAGTGCAATTTAAGCCCGGGTAAGGTTCCTCGCGT
dorei_16S	dorei_16S_11	ATCATCGAATTAAACCACATGTTCCTCCGCTTGTGCGGGCCCCCGTCAAT
dorei_16S	dorei_16S_12	TCCTTTGAGTTTCACCGTTGCCGGCGTACTCCCCAGGTGGAATACTTAAC
dorei_16S	dorei_16S_13	GCTTTCGCTTGGCCGCTTGCCGTATATCGCAAACAGCGAGTATTCATCGT
dorei_16S	dorei_16S_14	TTACCGTGTGGACTACCAGGGTATCTAATCCTGTTTGATACCCACACTTT
dorei_16S	dorei_16S_15	CGAGCCTCAATGTCAGTTGCAGCTTAGCAGGCTGCCTTCGCAATCGGAGT
dorei_16S	dorei_16S_16	TCTTCGTGATATCTAAGCATTTCACCGCTACACCACGAATTCCGCCTGCC
dorei_16S	dorei_16S_17	TCAACTGCACTCAAGACATCCAGTATCAACTGCAATTTTACGGTTGAGCC
dorei_16S	dorei_16S_18	GCAAACTTTCACAACTGACTTAAACATCCATCTACGCTCCCTTTAAACCC
dorei_16S	dorei_16S_19	AATAAATCCGGATAACGCTCGGATCCTCCGTATTACCGCGGCTGCTGGCA
dorei_16S	dorei_16S_20	CGGAGTTAGCCGATCCTTATTCATAAAGTACATGCAAACGGGTATGCATA
dorei_16S	dorei_16S_21	CCCGACTTTATTCCTTTATAAAAGAAGTTTACAACCCATAGGGCAGTCAT
dorei_16S	dorei_16S_22	CCTTCACGCTACTTGGCTGGTTCAGGCCATCGCCCATTGACCAATATTCC
dorei_16S	dorei_16S_23	TCACTGCTGCCTCCCGTAGGAGTTTGGACCGTGTCTCAGTTCCAATGTGG
dorei_16S	dorei_16S_24	GGGACCTTCCTCTCAGAACCCCTATCCATCGTTGACTAGGTGGGCCGTTA
dorei_16S	dorei_16S_25	CCCCGCCTACTATCTAATGGAACGCATCCCCATCGTCTACCGGAAAATAC
dorei_16S	dorei_16S_26	CTTTAATCATGCGGACATGTGAACTCATGATCCCATCCTGGATTAATCTT
dorei_16S	dorei_16S_27	CCTTTCAGAAGGCTGGCCAAGAGTAGACGGCAGGTTGGATACGTGTTACT
dorei_16S	dorei_16S_28	CACCCGTGCGCCGGTCGCCATCAGCCTTAGCAAGCTAAGACCATGCTGCC
dorei_16S	dorei_16S_29	CCTCGACTTGCATGTGTTAAGCCTGTAGCTAGCGTTCATCCTGAGCCAGGATCAAACTCT
dorei_23S	dorei_23S_0	TAAGGAAAGTGGACGGGCAATTAGTAATGCTCGGCTTTGGTATCTCTACCTTTACACCTGCATCCTAT
dorei_23S	dorei_23S_1	CAACGTCGTAGTCTACAACGACCCTCAGAAATCTAATCTTGTGGCCGGCT
dorei_23S	dorei_23S_2	TCGTACTTAGATGCTTTCAGCACTTATCCGATCCAGACTTAGATACCCGG
dorei_23S	dorei_23S_3	CAATGCACCTGGCGGCACAACCGGTAAACCAGAGGTCTGTCCAACACGGT
dorei_23S	dorei_23S_4	CCTCTCGTACTAGTGTCAGAGCCACGCAAATTTCATACGCCCACGATAGA
dorei_23S	dorei_23S_5	TAGAGACCGAACTGTCTCACGACGTTCTGAACCCAGCTCGCGTGCCACTT
dorei_23S	dorei_23S_6	TAATGGGCGAACAGCCCAACCCTTGGGACCTTCTCCAGCCCCAGGATGTG
dorei_23S	dorei_23S_7	ACGAGCCGACATCGAGGTGCCAAACCACTCCGTCGATATGAGCTCTTGGG
dorei_23S	dorei_23S_8	AGGGATCAGCCTGTTATCCCCGGAGTACCTTTTATCCTTTGAGCGATGTC
dorei_23S	dorei_23S_9	CCTTCCATACGGAAACACCGGATCACTATGCTCTAGTTTCCTACCTGATC
dorei_23S	dorei_23S_10	GACTTGTCAGTCTCCCAGTCAAGCGCCCTTATGCCATTACACTCTAACGG
dorei_23S	dorei_23S_11	CGGTTACCAATCGCCGTGAGGGCACCTTTAGAAGCCTCCGTTACGCTTTT
dorei_23S	dorei_23S_12	GGAGGCGACCACCCCAGTCAAACTACCCACCAATCAGTGTCCCCATATAC
dorei_23S	dorei_23S_13	ACGGGTTAGAATCCAAACAAATGAAGGGTCGTATTTCAACAGCGGCTCCA
dorei_23S	dorei_23S_14	AGGATACTGGCGTACCCCCTTCAAAGCCTCCGACCTATCCTACACATCAC
dorei_23S	dorei_23S_15	GTGCCCAGATTCAATGATAAGCTATAGTAAAGGTTCACGGGGTCTTTTCG
dorei_23S	dorei_23S_16	TCCCATCGCGGGTAATCGGCATCTTCACCGATACTACAATTTCACTGAGC
dorei_23S	dorei_23S_17	TCACGGTTGAGACAGCGTCCAGATCATTACACCATTCGTGCAGGTCGGAA
dorei_23S	dorei_23S_18	CTTACCCGACAAGGAATTTCGCTACCTTAGGACCGTTATAGTTACGGCCG
dorei_23S	dorei_23S_19	CCGTTTACTGGGGCTTCAATTCAACGCTTCTCTCAACGATGACGTCTCCT
dorei_23S	dorei_23S_20	CTTAACCTTCCAGCACCGGGCAGGTGTCAGGCTGTATACAGGATCTTTCG
dorei_23S	dorei_23S_21	ATTTCGCACAGCCCTGTGTTTTTGTTAAACAGTTGCCTGGACCTATTCTC
dorei_23S	dorei_23S_22	TGCGCCCTCCCGTCACCGGGTAGGGACCCTTTATCCCGAAGTTACAGGGT
dorei_23S	dorei_23S_23	CAGTTTGCCTAGTTCCTTAACCGTGAATCACTCAAGCGCCTTAGAATATT
dorei_23S	dorei_23S_24	CATCCCGACTACGTGTGTCCGTTTACGGTACGGGTACCTACAGGATTTAG
dorei_23S	dorei_23S_25	TTTAGCGGATTTTCTTGGCAGCATGATTACATGCACTATTGCCTTGTCCC
dorei_23S	dorei_23S_26	GAGGGACGCGGCATACTATCAGGTTCGATTCTCATGGTGGATTTGCCTGC
dorei_23S	dorei_23S_27	CAAGATCAACATCTACACCCTTCAACCATCTATTCCGTCAGATGGCGGCA
dorei_23S	dorei_23S_28	TTGTCACTACTGCGTCTCCACATCACTCCTGGAGGTAGTAACGGAATATT
dorei_23S	dorei_23S_29	AACCGTTTCTGCCATCGGCATCGCCCTTCGGCTGAGCCTTAGGACCCGAC
dorei_23S	dorei_23S_30	TTACCCTGATCCGATTAGCGTTGATCAGGAAACCTTAGTCTTTCGGCGAG
dorei_23S	dorei_23S_31	GGGGTTTCCCGCCCCCTTTATCGTTACTTATACCTACATTTGCTTTTCCA
dorei_23S	dorei_23S_32	GACGCTCCAGAATACCTCGCGGTACGCCTTCGACGCTGACTGGAATGCTC
dorei_23S	dorei_23S_33	CCCTACCGATCATTTCAATGATCCCACTGCTTCGGTAGACAACTTAATAC
dorei_23S	dorei_23S_34	CCGATTATTATCCACGCCAGACTCCTCGACTAGTGAGCTGTTACGCACTC
dorei_23S	dorei_23S_35	TTTAAATGAATGGCTGCTTCCAAGCCAACATCCTAGCTGTCTTAGCAGTC
dorei_23S	dorei_23S_36	AGACTTCGTTAGTTTAACTTAGCTGTCATTTCGGGACCTTAGCAGGTGGT
dorei_23S	dorei_23S_37	CCGGATTCTTCTCCTCTCGGGCACGGACCTTAGCACCCATGCCCTCACTC
dorei_23S	dorei_23S_38	CTGAGGTAAAACTGATGCGCATTCGGAGTTTGTCAAGACTTGATAGGCGG
dorei_23S	dorei_23S_39	TGAAGCCCTCGCATCTTATCAGTCGCTCTACCTCACATCAGTAACCCACA
dorei_23S	dorei_23S_40	AGGCTGCACCTAAATGCATTTCGGGGAGTACGAGCTATCTCCAAGTTTGA
dorei_23S	dorei_23S_41	TTAGCCTTTCACCCCTACCCTCAGCTCATCCAGAAGCTTTTCAACGCTTA
dorei_23S	dorei_23S_42	TTGGTGCGGTCCTCCAGCTGGTGTTACCCAGCCTTCAACCTGGCCAAGGG
dorei_23S	dorei_23S_43	TAGATCACTTGGTTTCGCGTCTGCCACTGCCGACTATGCGCCCTATTCAG
dorei_23S	dorei_23S_44	ACTCGCTTTCGCTTCGGATACGTGTGTCGTCACACTTAACCTTGCCGGCA
dorei_23S	dorei_23S_45	AAGGCAACTCGTAGGTTCATTATGCAAAAGGCACGCCGTCACTCATTGCT
dorei_23S	dorei_23S_46	GAGCTCCGACCGCTTGTAGGCGCACGGTTTCAGGAACTATTTCACTCTTC
dorei_23S	dorei_23S_47	TGTTCGAAGTGCTTTTCACCTTTCCCTCACGGTACTGGTTCGCTATCGGT
dorei_23S	dorei_23S_48	CTCTCGGGAGTATTTAGCCTTACCGGATGGTCCCGGCAGATTCACGCAGA
dorei_23S	dorei_23S_49	ATTCCTCGTGCTCCGCGCTACTCAGGATACTACTATGCTTCGACAACATA
dorei_23S	dorei_23S_50	CGAATACGCAACTGTCATGCTCTATGGTCTTTCTTTCCAGAAAGTTCTTC
dorei_23S	dorei_23S_51	TCCGATGTCTTCATGCAACGACGTAGTCCTACAACCCCGATCATGCCGTA
dorei_23S	dorei_23S_52	ACATGAACGGTTTGGGCTATTCCCCGTTCGCTCGCCACTACTGGGGGAAT
dorei_23S	dorei_23S_53	CATTGTTATTTTCTTTTCCTGCAGGTACTAAGATGTTTCAGTTCCCTGCG
dorei_23S	dorei_23S_54	TTAGCTCCTGAAATGATCAGGTGGCGTGTCTTCAACACGCCGGGTTGTCC
dorei_23S	dorei_23S_55	CATTCGGAAATCCCCGGATCAAAGGTTATTTGCACCTCCCCGGAGCTTAT
dorei_23S	dorei_23S_56	CGCAGCTTATCACGTCCTTCATCGCCTCCGAGAGCCAAGGCATCCGCCATGCGCCCTTCTTTACTTTC
