target_rRNA_label	probe_ID	probe_sequence
GCA_001187435.1_16S	GCA_001187435.1_16S_0	AGGTGATCCAGCCGCACCTTCCGGTACGGCTACCTTGTTACGACTTCGTCCCAATCG
GCA_001187435.1_16S	GCA_001187435.1_16S_1	CCAGTCCCACCTTCGACGGCTCCCTCCACAAGGGTTGGGCCACCGGCTTC
GCA_001187435.1_16S	GCA_001187435.1_16S_2	GGGTGTTACCGACTTTCGTGACGTGACGGGCGGTGTGTACAAGGCCCGGG
GCA_001187435.1_16S	GCA_001187435.1_16S_3	AACGTATTCACCGCAGCAATGCTGATCTGCGATTACTAGCAACTCCAACT
GCA_001187435.1_16S	GCA_001187435.1_16S_4	TCATGGGGTCGAGTTGCAGACCCCAATCCGAACTGAGACCGGCTTTTTGA
GCA_001187435.1_16S	GCA_001187435.1_16S_5	GATTCGCTCCACCTCACGGCATCGCAGCTCATTGTACCGGCCATTGTAGC
GCA_001187435.1_16S	GCA_001187435.1_16S_6	ACGTGTGCAGCCCAAGACATAAGGGGCATGATGACTTGACGTCGTCCCCA
GCA_001187435.1_16S	GCA_001187435.1_16S_7	CCTTCCTCCGAGTTGACCCCGGCAGTCTCCTGTGAGTCCCCATCACCCCG
GCA_001187435.1_16S	GCA_001187435.1_16S_8	AAAGGCATGCTGGCAACACAGAACAAGGGTTGCGCTCGTTGCGGGACTTA
GCA_001187435.1_16S	GCA_001187435.1_16S_9	ACCCAACATCTCACGACACGAGCTGACGACAGCCATGCACCACCTGTACA
GCA_001187435.1_16S	GCA_001187435.1_16S_10	CCGACCACAAGGGGGCGACCATCTCTGGCCGTTTCCGATGTATGTCAAGC
GCA_001187435.1_16S	GCA_001187435.1_16S_11	CTTGGTAAGGTTCTTCGCGTTGCGTCGAATTAAGCCACATGCTCCGCTGC
GCA_001187435.1_16S	GCA_001187435.1_16S_12	TTGTGCGGGCCCCCGTCAATTCCTTTGAGTTTTAGCCTTGCGGCCGTACT
GCA_001187435.1_16S	GCA_001187435.1_16S_13	CCCCAGGCGGGGCACTTAATGCGTTAGCTGCGGCACGGACGACGTGGAAT
GCA_001187435.1_16S	GCA_001187435.1_16S_14	GTCGCCCACACCTAGTGCCCAACGTTTACGGCGTGGACTACCAGGGTATC
GCA_001187435.1_16S	GCA_001187435.1_16S_15	TAATCCTGTTCGCTCCCCACGCTTTCGCTCCTCAGCGTCAGTATCGGCCC
GCA_001187435.1_16S	GCA_001187435.1_16S_16	AGAGATCCGCCTTCGCCACCGGTGTTCCTCCTGATATCTGCGCATTTCAC
GCA_001187435.1_16S	GCA_001187435.1_16S_17	CGCTACACCAGGAATTCCGATCTCCCCTACCGAACTCTAGCCTGCCCGTA
GCA_001187435.1_16S	GCA_001187435.1_16S_18	TCGAATGCAGACCCGGAGTTAAGCCCCGGGCTTTCACATCCGACGCGACA
GCA_001187435.1_16S	GCA_001187435.1_16S_19	AGCCGCCTACGAGCTCTTTACGCCCAATAATTCCGGACAACGCTTGCGCC
GCA_001187435.1_16S	GCA_001187435.1_16S_20	CTACGTATTACCGCGGCTGCTGGCACGTAGTTAGCCGGCGCTTCTTCTGC
GCA_001187435.1_16S	GCA_001187435.1_16S_21	AGGTACCGTCACTTGCGCTTCTTCCCTGCTGAAAGAGGTTTACAACCCGA
GCA_001187435.1_16S	GCA_001187435.1_16S_22	AGGCCGTCATCCCTCACGCGGCGTCGCTGCATCAGGCTTGCGCCCATTGT
GCA_001187435.1_16S	GCA_001187435.1_16S_23	GCAATATTCCCCACTGCTGCCTCCCGTAGGAGTCTGGGCCGTGTCTCAGT
GCA_001187435.1_16S	GCA_001187435.1_16S_24	CCCAGTGTGGCCGGTCGCCCTCTCAGGCCGGCTACCCGTCGTCGCCTTGG
GCA_001187435.1_16S	GCA_001187435.1_16S_25	TAGGCCATCACCCCACCAACAAGCTGATAGGCCGCGGGCTCATCCTGCAC
GCA_001187435.1_16S	GCA_001187435.1_16S_26	CGCCGGAGCTTTCCACCCACCGAGATGCCTCGGCAGGTCATATCCGGTAT
GCA_001187435.1_16S	GCA_001187435.1_16S_27	TAGACCCCGTTTCCAGGGCTTGTCCCAGAGTGCAGGGCAGATTGCCCACG
GCA_001187435.1_16S	GCA_001187435.1_16S_28	TGTTACTCACCCGTTCGCCACTAATCCACCACCGAAGCGGCTTCATCGTT
GCA_001187435.1_16S	GCA_001187435.1_16S_29	CGACTTGCATGTGTTAAGCACGCCGCCAGCGTTCGTCCTGAGCCAGGATCAAACTCT
GCA_001187435.1_23S	GCA_001187435.1_23S_0	GAGGACAAGCCCTCGGCCTATTAGTACCAGTCAACTCCACCGGTCACCCGGCTTCCATATC
GCA_001187435.1_23S	GCA_001187435.1_23S_1	TGGCCTATCAACCCAGTCGTCTACTGGGAGCCTTACCCCATCAAGTGGGT
GCA_001187435.1_23S	GCA_001187435.1_23S_2	GGGAGTCCTCATCTCGAAGCAGGCTTCCCGCTTAGATGCTTTCAGCGGTT
GCA_001187435.1_23S	GCA_001187435.1_23S_3	ATCCCTCCCGAACGTAGCCAACCAGCCATGCCCTTGGCAGAACAACTGGC
GCA_001187435.1_23S	GCA_001187435.1_23S_4	ACACCAGAGGTTCGTCCGTCCCGGTCCTCTCGTACTAGGGACAGCCCTTC
GCA_001187435.1_23S	GCA_001187435.1_23S_5	TCAAGACTCCTACGCGCACAGCGGATAGGGACCGAACTGTCTCACGACGT
GCA_001187435.1_23S	GCA_001187435.1_23S_6	TCTAAACCCAGCTCGCGTACCGCTTTAATGGGCGAACAGCCCAACCCTTG
GCA_001187435.1_23S	GCA_001187435.1_23S_7	GGACCGACTCCAGCCCCAGGATGCGACGAGCCGACATCGAGGTGCCAAAC
GCA_001187435.1_23S	GCA_001187435.1_23S_8	CATCCCGTCGATATGGACTCTTGGGGAAGATCAGCCTGTTATCCCCGGGG
GCA_001187435.1_23S	GCA_001187435.1_23S_9	TACCTTTTATCCGTTGAGCGACGGCGCTTCCACAAGCCACCGCCGGATCA
GCA_001187435.1_23S	GCA_001187435.1_23S_10	CTAGTCCCGACTTTCGTCCCTGCTCGACCCGTCGGTCTCACAGTCAAGCT
GCA_001187435.1_23S	GCA_001187435.1_23S_11	CCCTTGTGCACTTACACTCAACACCTGATTGCCAACCAGGCTGAGGGAAC
GCA_001187435.1_23S	GCA_001187435.1_23S_12	CTTTGGGCGCCTCCGTTACCCTTTAGGAGGCAACCGCCCCAGTTAAACTA
GCA_001187435.1_23S	GCA_001187435.1_23S_13	CCCACCAGACACTGTCCCTGATCCGGATCACGGACCCAGGTTAGACATCC
GCA_001187435.1_23S	GCA_001187435.1_23S_14	AGCACGACCAGAGTGGTATTTCAACGACGACTCCACACACACTGGCGTGC
GCA_001187435.1_23S	GCA_001187435.1_23S_15	ATGCTTCACAGTCTCCCACCTATCCTACACAAGCCGAACCGAACACCAAT
GCA_001187435.1_23S	GCA_001187435.1_23S_16	ATCAAGCTGTAGTAAAGGTCCCGGGGTCTTTCCGTCCTGCTGCGCGAAAC
GCA_001187435.1_23S	GCA_001187435.1_23S_17	GAGCATCTTTACTCGTAGTGCAATTTCACCGGGCCTATGGTTGAGACAGT
GCA_001187435.1_23S	GCA_001187435.1_23S_18	CGAGAAGTCGTTACGCCATTCGTGCAGGTCGGAACTTACCCGACAAGGAA
GCA_001187435.1_23S	GCA_001187435.1_23S_19	TTTCGCTACCTTAGGATGGTTATAGTTACCACCGCCGTTTACTGGCGCTT
GCA_001187435.1_23S	GCA_001187435.1_23S_20	AAGTTCTCAGCTTCGCCCCACCGAAATGGAGCTAACCGGTCCCCTTAACG
GCA_001187435.1_23S	GCA_001187435.1_23S_21	TTCCAGCACCGGGCAGGCGTCAGTCCGTATACATCGCCTTACGGCTTCGC
GCA_001187435.1_23S	GCA_001187435.1_23S_22	ACGGACCTGTGTTTTTAGTAAACAGTCGCTTCTCGCTGGTCTCTGCGGCC
GCA_001187435.1_23S	GCA_001187435.1_23S_23	ACCCCCAGCTCCAAGTGCAAAACTCATCACCAGGAATGGCCCCCCTTCTC
GCA_001187435.1_23S	GCA_001187435.1_23S_24	CCGAAGTTACGGGGGCATTTTGCCGAGTTCCTTAACCATAGTTCACCCGA
GCA_001187435.1_23S	GCA_001187435.1_23S_25	ACGCCTCGGTATTCTCTACCTGACCACCTGAGTCGGTTTAGGGTACGGGC
GCA_001187435.1_23S	GCA_001187435.1_23S_26	CGCCATGAAACTCGCTAGAGGCTTTTCTCGACAGCATAGGATCATCCACT
GCA_001187435.1_23S	GCA_001187435.1_23S_27	TCGCCACAATCGGCTCGGCATCAGGTCTCAGACTATATGTCACGCGGATT
GCA_001187435.1_23S	GCA_001187435.1_23S_28	TGCCTACGTGACGCCCTACACCCTTACCCCGGGACAACCACCGCCCGGGC
GCA_001187435.1_23S	GCA_001187435.1_23S_29	TGGACTACCTTCCTGCGTCACCCCATCACTCACCTACTACCACCTCGGGT
GCA_001187435.1_23S	GCA_001187435.1_23S_30	CACCGGCTCCACCACTCCCCTACACTCCGAAGAGCTCAGGGCGGCTTCAC
GCA_001187435.1_23S	GCA_001187435.1_23S_31	GGGCTTAGCATCAGAGGATTCGATGTTTGGCGCTTCAAAGCGGGTACCGG
GCA_001187435.1_23S	GCA_001187435.1_23S_32	AATATCAACCGGTTGTCCATCGACTACGCCTGTCGGCCTCGCCTTAGGTC
GCA_001187435.1_23S	GCA_001187435.1_23S_33	CCGACTTACCCTGGGCAGATCAGCTTGACCCAGGAACCCTTAGTCAATCG
GCA_001187435.1_23S	GCA_001187435.1_23S_34	GCGCACACGTTTCCCACGTGTGTATCGCTACTCATGCCTGCATTCTCACT
GCA_001187435.1_23S	GCA_001187435.1_23S_35	CGTGAACCGTCCACAACTACCTTCCGGCGCTGCTTCACCCGGCACACGAC
GCA_001187435.1_23S	GCA_001187435.1_23S_36	GCTCCCCTACCCACCACAACAACCGTTAGGTCTCATGCTGCAGTGACACG
GCA_001187435.1_23S	GCA_001187435.1_23S_37	ACTTCGGCGGTACGCTTGAGCCCCGCTACATTGTCGGCGCGGAATCACTT
GCA_001187435.1_23S	GCA_001187435.1_23S_38	GACCAGTGAGCTATTACGCACTCTTTCAAGGGTGGCTGCTTCTAAGCCAA
GCA_001187435.1_23S	GCA_001187435.1_23S_39	CCTCCTGGTTGTCTCTGCGACTCCACATCCTTTCCCACTTAGCGTACGCT
GCA_001187435.1_23S	GCA_001187435.1_23S_40	TAGGGGCCTTAGTCGATGCTCTGGGCTGTTTCCCTCTCGACCATGGAGCT
GCA_001187435.1_23S	GCA_001187435.1_23S_41	TATCCCCCACAGTCTCACTGCCGCGCTCTCACTTACCGGCATTCGGAGTT
GCA_001187435.1_23S	GCA_001187435.1_23S_42	TGGCTAAGGTCAGTAACCCGGTAGGGCCCATCGCCTATCCAGTGCTCTAC
GCA_001187435.1_23S	GCA_001187435.1_23S_43	CTCCGGCAAGAAACACACGACGCTGCACCTAAATGCATTTCGGGGAGAAC
GCA_001187435.1_23S	GCA_001187435.1_23S_44	CAGCTATCACGGAGTTTGATTGGCCTTTCACCCCTAACCACAGGTCATCC
GCA_001187435.1_23S	GCA_001187435.1_23S_45	CCCAGGTTTTCAACCCTGGTGGGTTCGGTCCTCCACGAAGTCTTACCTCC
GCA_001187435.1_23S	GCA_001187435.1_23S_46	GCTTCAACCTGCCCATGGCTAGATCACCCCGCTTCGGGTCTTGGGCGCGC
GCA_001187435.1_23S	GCA_001187435.1_23S_47	TACTAGGTCGCCCTCTTCGGACTCGCTTTCGCTACGGCTTCCCCACACGG
GCA_001187435.1_23S	GCA_001187435.1_23S_48	GTTAACCTCGCAACACACCGCAAACTCGCAGGCTCATTCTTCAAAAGGCA
GCA_001187435.1_23S	GCA_001187435.1_23S_49	CGCAGTCACGACACCAAGTGCAAGCACTCGATGCGACGCTCCCACGGCTT
GCA_001187435.1_23S	GCA_001187435.1_23S_50	GTAGGCACACGGTTTCAGGTACTATTTCACTCCGCTCCCGCGGTACTTTT
GCA_001187435.1_23S	GCA_001187435.1_23S_51	CACCATTCCCTCACGGTACTATCCGCTATCGGTCACCAGGGAATATTTAG
GCA_001187435.1_23S	GCA_001187435.1_23S_52	GCTTAACGGGTGGTCCCGCCAGATTCACACGGGATTTCTCGGGCCCCGTG
GCA_001187435.1_23S	GCA_001187435.1_23S_53	CTACTTGGGTGTCTCTCAAACGAGCCGCTGACGTTTCGACTACGGGGGTC
GCA_001187435.1_23S	GCA_001187435.1_23S_54	TTACCCTCTACGCCGGACCTTTCGCATGTCCTTCGCCTACATCAACGGTT
GCA_001187435.1_23S	GCA_001187435.1_23S_55	TCTGACTCGTCCTGCCGCCGGCAGACGACAGAAGAGAGATCCCACAACCC
GCA_001187435.1_23S	GCA_001187435.1_23S_56	CGCATACGCAACCCCTGCCGGGTATCACACGCATACGGTTTGGCCTCATC
GCA_001187435.1_23S	GCA_001187435.1_23S_57	CAGTTTCGCTCGCCACTACTCCCGGAATCACGGTTGTTTTCTCTTCCTGC
GCA_001187435.1_23S	GCA_001187435.1_23S_58	GGGTACTGGAGATGTTTCACTTCCCCGCGTTCCCTCCACACTGCCTATGT
GCA_001187435.1_23S	GCA_001187435.1_23S_59	GTTCAGCAGCGGGTGACAGCCCATGACGACTGCCGGGTTTCCCCATTCGG
GCA_001187435.1_23S	GCA_001187435.1_23S_60	ACACCCCCGGATCACAGCTCGGTTGACAGCTCCCCGGGGCCTATCGCGGC
GCA_001187435.1_23S	GCA_001187435.1_23S_61	CTCCCACGTCCTTCATCGGTTCCTGGTGCCAAGGCATCCACCGTGCGCCCTTAAAAACTTGG
